{
    "loss": 1.0142289400100708,
    "accuracy": 0.9002400636672974
}