{
    "loss": 27.821861267089844,
    "accuracy": 0.8837178349494934
}